IP,Port,avg_score
192.168.0.176,3128,91.11111111111111
192.168.0.1,80,95.0
192.168.0.176,1080,95.55555555555556
