IP,Port,avg_score
192.168.0.176,3128,96.11111111111111
192.168.0.1,80,94.44444444444444
192.168.0.176,1080,92.77777777777777
