IP,Port,avg_score
192.168.0.1,80,96.66666666666667
192.168.0.176,3128,96.11111111111111
192.168.0.176,1080,98.33333333333333
